T_sample,T_translated,DT_translated
K,K,K
26.9807,11.06194553,0.474251404
27.9812,13.70905572,0.379042062
28.979,16.09540483,0.135658642
29.9779,17.79163537,0.13931445
30.9743,19.55115901,0.190625616
31.9731,21.2330148,0.131039793
32.9696,22.75507841,0.095184271
33.9659,24.34121365,0.083041873
34.9622,25.8671025,0.102127157
35.9583,27.22673523,0.099576928
36.9529,28.65912066,0.097295474
37.9465,30.00642655,0.177773708
38.9407,31.32470869,0.114409429
39.9335,32.53443252,0.092567036
40.928,33.86020723,0.15282238
41.9211,35.11425677,0.124079434
42.914,36.41089799,0.077399683
43.9104,37.65893811,0.109719116
44.8974,38.84526251,0.067114888
45.8938,40.03521757,0.207220922
46.884,41.31440933,0.093208237
47.8785,42.54557673,0.075640839
48.8736,43.70701003,0.087882429
49.8642,44.83952516,0.111330164
50.8595,46.06270617,0.147371256
51.8531,47.26165175,0.134418896
52.848,48.42104049,0.121317802
53.8418,49.5423139,0.072621955
54.8412,50.72773685,0.09745247
55.831,51.83531466,0.110808994
56.8268,52.98025842,0.110827803
57.8269,54.15837516,0.122342348
58.8212,55.27662147,0.109129896
59.8132,56.36487152,0.149131931
60.8147,57.55182982,0.092158415
61.8051,58.61750062,0.071903699
62.808,59.7633256,0.088953604
63.7986,60.89739215,0.121933775
64.8025,61.98607512,0.148509749
65.7984,63.08111568,0.124603164
66.7926,64.22481392,0.129439295
67.7926,65.31831726,0.074031343
68.7863,66.42487183,0.125879958
69.7825,67.51863349,0.115634752
70.7854,68.62613655,0.11837449
71.7798,69.69185576,0.110623787
72.7774,70.85168424,0.109936999
73.7778,71.91522713,0.145138447
74.7737,72.97607185,0.136437789
75.7736,74.05039455,0.121403774
76.7718,75.10664772,0.192008504
77.7712,76.21535997,0.163168795
78.7695,77.27217285,0.299195003
79.7651,78.36842496,0.233778167
80.7647,79.44067878,0.16631839
81.7604,80.51106336,0.11974656
82.7614,81.65376627,0.154083757
83.7571,82.68443373,0.166638009
84.7549,83.74271013,0.129189174
85.7545,84.83761588,0.139290904
86.748,85.91104122,0.178998044
87.7564,86.95034663,0.217481692
88.753,88.02659262,0.150946834
89.7487,89.08147767,0.171822214
90.756,90.13706782,0.169326232
91.7456,91.2049691,0.178713228
92.7472,92.20351233,0.227763728
93.7476,93.30301444,0.22018152
94.7431,94.3380955,0.183203901
95.7494,95.42907124,0.190462971
96.743,96.5273848,0.205367396
97.7431,97.57737477,0.174986775
98.744,98.64087707,0.166482309
99.7402,99.69046184,0.169246551
100.742,100.6901025,0.169815331
101.742,101.710456,0.160223238
102.74,102.789197,0.190090163
103.735,103.869092,0.175858828
104.737,104.9864077,0.208467323
105.74,105.9005133,0.189850283
106.738,106.975415,0.218363037
107.735,108.2281963,0.17364648
108.734,109.1224538,0.196657563
109.736,110.1367604,0.154795255
110.733,111.2701243,0.305558254
111.734,112.3230906,0.229487209
112.732,113.344306,0.274753324
113.731,114.354032,0.229117421
114.732,115.4054487,0.245995334
115.73,116.5016392,0.253729962
116.733,117.5527465,0.226463238
117.732,118.5524475,0.219531814
118.727,119.6317423,0.242394005
119.731,120.6353809,0.290230975
120.732,121.6909386,0.202288285
121.733,122.7611059,0.198982295
122.728,123.7795464,0.210832758
123.73,124.7229172,0.221193877
124.719,125.8853676,0.272924739
125.726,126.9227675,0.244154319
126.726,128.0232266,0.261073509
127.724,129.0213843,0.18181829
128.723,130.0760504,0.273863848
129.723,131.1721487,0.2795728
130.727,132.1512852,0.367188557
131.722,133.2574189,0.358095289
132.715,134.247259,0.249179195
133.72,135.5529672,0.366642849
134.719,136.5137896,0.232551005
135.717,137.4905686,0.299364293
136.715,138.4806723,0.307059559
137.715,139.492893,0.268950033
138.72,140.6544239,0.331871684
139.719,141.5133808,0.256696286
140.733,142.4712098,0.307147557
141.715,143.4713848,0.258479322
142.717,144.4675329,0.239570056
143.716,145.3919636,0.216704524
144.719,146.4084364,0.138111027
145.712,147.4897099,0.271443799
146.713,148.3745124,0.220625726
147.719,149.4781806,0.295473844
148.712,150.4537374,0.250249393
149.715,151.3759205,0.250093062
150.713,152.3698181,0.342371296
151.717,153.2876191,0.287352641
152.716,154.2362447,0.25001694
153.718,155.2279513,0.290485892
154.719,156.2149463,0.267547874
155.717,157.2067873,0.183945338
156.72,158.190674,0.244555095
157.719,159.2059481,0.311048305
158.716,160.1465462,0.276334914
159.719,161.1444065,0.265230633
160.717,162.0964909,0.353690345
161.719,163.0282693,0.333123434
162.717,163.9700795,0.35767425
163.715,164.899073,0.400177895
164.714,165.9240052,0.37044407
165.716,166.9288757,0.354482519
166.718,167.9644747,0.32934559
167.718,168.8098802,0.373433535
168.717,169.8591946,0.320475976
169.715,170.8174378,0.337583828
170.719,171.8131281,0.506732295
171.714,172.7280681,0.475467152
172.717,173.8133754,0.384983726
173.714,174.7817669,0.412968144
174.711,175.6134184,0.417508619
175.719,176.695275,0.495172233
176.719,177.5789468,0.437699058
177.71,178.5348515,0.44757318
178.714,179.5934873,0.472237811
179.714,180.5479415,0.397215273
180.718,181.5599625,0.405799474
181.717,182.4634591,0.382301915
182.712,183.3507217,0.393763977
183.713,184.4351519,0.415658403
184.717,185.263304,0.285426629
185.717,186.2658332,0.366210068
186.714,187.2635548,0.351526495
187.716,188.1680477,0.355342802
188.714,189.1800018,0.464526803
189.713,190.1279598,0.373414498
190.715,191.2557588,0.421440189
191.718,192.1448639,0.407601848
192.719,192.9735695,0.412932783
193.717,193.8405772,0.494087206
194.712,194.8232712,0.505993263
195.721,195.9287989,0.365987123
196.717,196.8034355,0.566823139
197.714,197.8822748,0.418178901
198.718,198.5269317,0.414572589
199.71,199.5644214,0.373362687
200.715,200.6826615,0.606002487
201.72,201.5741507,0.51619153
202.719,202.4289166,0.375707216
203.717,203.3019294,0.477195339
204.712,204.4961954,0.588468799
205.716,205.2539167,0.325109458
206.717,206.0529369,0.477141548
207.718,207.2448833,0.63490705
208.718,208.0500529,0.571183033
209.718,209.1301084,0.434918043
210.724,210.163603,0.563428206
211.74,210.9241348,0.518555
212.716,211.9732179,0.468481373
213.727,212.630367,0.605377454
214.709,214.1149146,0.419410791
215.713,214.7349551,0.926445797
216.727,215.7983381,0.898263632
217.722,216.9566114,0.508243821
218.719,217.6344376,0.459676412
219.721,218.5585036,0.681041696
220.723,219.6002772,0.588425128
221.731,220.6561149,0.516370396
222.716,221.4854292,0.499179728
223.718,222.4381291,0.679064697
224.718,223.2951598,0.359644262
225.714,224.2767389,0.376389948
226.723,225.2347592,0.482938411
227.71,225.9682304,0.398905269
228.723,226.8056054,0.639320547
229.71,227.9560122,0.417698778
230.713,228.6938616,0.516380269
231.714,229.8458342,0.559786793
232.719,230.5916445,0.526667398
233.717,231.7168765,0.754900923
234.729,232.4697351,0.489523809
235.722,233.6688008,0.790334633
236.734,234.3484049,0.527412716
237.726,235.3984357,0.605220884
238.732,236.3445398,0.470273063
239.703,237.3242252,0.543710949
240.714,238.1336793,0.415618276
241.722,239.0226247,0.552874048
242.727,239.7652982,0.803072871
243.716,240.8811486,0.621828099
244.717,241.8362399,0.648338892
245.719,242.5487615,0.686659752
246.705,243.925395,0.564412716
247.728,244.7110012,0.862657321
248.736,245.5407702,0.573650339
249.731,246.3921833,0.600388363
250.698,247.1353405,0.548778799
251.711,248.1616657,0.851107055
252.708,249.187385,0.386401926
253.74,250.0288306,0.505630913
254.712,250.8400876,0.535891778
255.717,251.6599717,0.641164244
256.725,252.8158172,0.726524041
257.722,253.9124026,0.660473125
258.729,254.60065,0.483467952
259.737,255.3705681,0.597119515
260.725,256.3204072,0.569612851
261.735,257.1019212,0.57559276
262.722,258.1017926,0.575615514
263.73,259.0660167,0.569628989
264.716,260.1889218,0.699256587
265.732,261.0471854,0.535535526
266.726,261.6719984,0.584886614
267.724,262.5345599,0.529592582
268.823,263.3478619,0.607274013
269.55,264.2485773,0.848956031
295.000,295.000,0
350.000,350.000,0
